дрель аккумуляторная,114636
дрель аккумуляторная,114636
дрель аккумуляторная,114636
дрель аккумуляторная,114636
дрель аккумуляторная,114636
дрель аккумуляторная,114636
дрель ударная,114636
дрель аккумуляторная,114636
дрель аккумуляторная,114636
дрель аккумуляторная,114636
дрель аккумуляторная,114636
дрель аккумуляторная,114636
дрель аккумуляторная,114636
дрель аккумуляторная,114636
дрель аккумуляторная,114636
дрель аккумуляторная,114636
дрель ударная,114636
дрель аккумуляторная,114636
дрель аккумуляторная,114636
дрель аккумуляторная,114636
дрель аккумуляторная,114636
дрель аккумуляторная,114636
дрель аккумуляторная,114636
дрель аккумуляторная,114636
дрель аккумуляторная,114636
дрель аккумуляторная,114636
дрель аккумуляторная,114636
дрель аккумуляторная,114636
отвертка,114636
дрель аккумуляторная,114636
дрель аккумуляторная,114636
дрель аккумуляторная,114636
дрель аккумуляторная,114636
дрель аккумуляторная,114636
дрель аккумуляторная,114636
дрель аккумуляторная,114636
дрель аккумуляторная,114636
дрель аккумуляторная,114636
дрель аккумуляторная,114636
дрель аккумуляторная,114636
дрель аккумуляторная,114636
дрель аккумуляторная,114636
дрель аккумуляторная,114636
дрель аккумуляторная,114636
дрель аккумуляторная,114636
дрель аккумуляторная,114636
дрель аккумуляторная,114636
дрель аккумуляторная,114636
дрель аккумуляторная,114636
дрель аккумуляторная,114636
дрель аккумуляторная,114636
дрель аккумуляторная,114636
дрель аккумуляторная,114636
дрель аккумуляторная,114636
дрель аккумуляторная,114636
дрель аккумуляторная,114636
дрель аккумуляторная,114636
дрель аккумуляторная,114636
дрель аккумуляторная,114636
дрель аккумуляторная,114636
дрель аккумуляторная,114636
дрель аккумуляторная,114636
дрель аккумуляторная,114636
дрель аккумуляторная,114636
дрель аккумуляторная,114636
дрель ударная,114636
фонарь,114637
фонарь,114637
фонарь,114637
фонарь,114637
фонарь,114637
фонарь,114637
фонарь,114637
фонарь,114637
фонарь,114637
фонарь,114637
фонарь,114637
фонарь,114637
фонарь,114637
фонарь,114637
фонарь,114637
фонарь,114637
фонарь,114637
фонарь,114637
фонарь,114637
фонарь,114637
фонарь,114637
фонарь,114637
фонарь,114637
фонарь,114637
фонарь,114637
фонарь,114637
фонарь,114637
фонарь,114637
фонарь,114637
фонарь,114637
фонарь,114637
фонарь,114637
фонарь,114637
фонарь,114637
фонарь,114637
фонарь,114637
фонарь,114637
фонарь,114637
фонарь,114637
фонарь,114637
фонарь,114637
фонарь,114637
фонарь,114637
фонарь,114637
фонарь,114637
фонарь,114637
фонарь,114637
фонарь,114637
фонарь,114637
фонарь,114637
фонарь,114637
фонарь,114637
фонарь,114637
фонарь,114637
фонарь,114637
фонарь,114637
фонарь,114637
фонарь,114637
фонарь,114637
фонарь яркий,114637
фонарь яркий,114637
фонарь яркий,114637
фонарь яркий,114637
фонарь,114637
фонарь,114637
фонарь,114637
фонарь яркий,114637
фонарь яркий,114637
фонарь,114637
фонарь яркий,114637
струбцина,114838
струбцина,114838
струбцина,114838
струбцина,114838
струбцина,114838
струбцина,114838
струбцина,114838
струбцина,114838
струбцина,114838
струбцина,114838
струбцина,114838
тиски,114838
зажим,114838
зажим,114838
зажим,114838
зажим,114838
зажим,114838
зажим,114838
зажим,114838
зажим,114838
струбцина,114838
струбцина,114838
струбцина,114838
струбцина,114838
струбцина,114838
струбцина,114838
струбцина,114838
струбцина,114838
струбцина,114838
струбцина,114838
струбцина,114838
струбцина,114838
струбцина,114838
струбцина,114838
струбцина,114838
струбцина,114838
струбцина,114838
струбцина,114838
зажим,114838
тиски,114838
зев 70ый,114838
устройство,114838
зажим,114838
струбцина,114838
струбцина,114838
струбцина,114838
струбцина,114838
струбцина,114838
струбцина,114838
струбцина,114838
струбцина,114838
зажим,114838
струбцина,114838
струбцина,114838
струбцина,114838
струбцина,114838
зажим,114838
лента,114838
струбцина,114838
струбцина,114838
тиски,114838
струбцина,114838
зажим,114838
конец острый,114838
зажим,114838
струбцина,114838
цепь пильная,114856
цепь пильная,114856
цепь пильная,114856
цепь пильная,114856
цепь пильная,114856
цепь пильная,114856
цепь пильная,114856
цепь пильная,114856
цепь пильная,114856
цепь пильная,114856
цепь пильная,114856
цепь пильная,114856
цепь пильная,114856
цепь пильная,114856
цепь пильная,114856
цепь пильная,114856
цепь пильная,114856
цепь пильная,114856
цепь пильная,114856
цепь пильная,114856
цепь пильная,114856
цепь пильная,114856
цепь пильная,114856
цепь пильная,114856
цепь пильная,114856
цепь пильная,114856
цепь пильная,114856
цепь пильная,114856
цепь пильная,114856
цепь пильная,114856
цепь пильная,114856
цепь пильная,114856
цепь пильная,114856
цепь пильная,114856
цепь пильная,114856
цепь пильная,114856
цепь пильная,114856
цепь пильная,114856
цепь пильная,114856
цепь пильная,114856
цепь пильная,114856
цепь пильная,114856
цепь пильная,114856
цепь пильная,114856
цепь пильная,114856
цепь пильная,114856
цепь пильная,114856
цепь пильная,114856
цепь пильная,114856
цепь пильная,114856
цепь пильная,114856
цепь пильная,114856
цепь пильная,114856
цепь пильная,114856
цепь пильная,114856
цепь пильная,114856
цепь пильная,114856
цепь пильная,114856
цепь пильная,114856
цепь пильная,114856
цепь пильная,114856
цепь пильная,114856
цепь пильная,114856
цепь пильная,114856
цепь пильная,114856
цепь пильная,114856
цепь пильная,114856
цепь пильная,114856
цепь пильная,114856
цепь пильная,114856
бензопила,114862
бензопила,114862
бензопила,114862
бензопила,114862
бензопила,114862
бензопила,114862
бензопила,114862
бензопила,114862
бензопила,114862
бензопила,114862
бензопила,114862
бензопила,114862
бензопила,114862
бензопила,114862
бензопила,114862
бензопила,114862
бензопила,114862
бензопила,114862
бензопила,114862
бензопила,114862
бензопила,114862
бензопила,114862
бензопила,114862
бензопила,114862
бензопила,114862
бензопила,114862
бензопила,114862
бензопила,114862
бензопила,114862
бензопила,114862
бензопила,114862
бензопила,114862
бензопила,114862
бензопила,114862
бензопила,114862
бензопила,114862
бензопила,114862
бензопила,114862
бензопила,114862
бензопила,114862
бензопила,114862
бензопила,114862
бензопила,114862
бензопила,114862
бензопила,114862
бензопила,114862
бензопила,114862
бензопила,114862
бензопила,114862
бензопила,114862
бензопила,114862
бензопила,114862
бензопила,114862
бензопила,114862
бензопила,114862
бензопила,114862
бензопила,114862
бензопила,114862
бензопила,114862
бензопила,114862
бензопила,114862
бензопила,114862
бензопила,114862
бензопила,114862
бензопила,114862
бензопила,114862
бензопила,114862
бензопила,114862
бензопила,114862
бензопила,114862
кассета сменная,114903
корд,114903
корд,114903
корд,114903
корд,114903
корд,114903
корд,114903
корд,114903
корд,114903
корд,114903
корд,114903
корд,114903
корд,114903
корд,114903
корд,114903
корд,114903
корд,114903
корд,114903
корд,114903
корд,114903
корд,114903
корд,114903
корд,114903
корд,114903
корд,114903
корд,114903
корд,114903
корд,114903
корд,114903
корд,114903
корд,114903
корд,114903
корд,114903
корд,114903
корд,114903
корд,114903
корд,114903
корд,114903
корд,114903
корд,114903
корд,114903
корд,114903
корд,114903
корд,114903
корд,114903
корд,114903
корд,114903
корд,114903
корд,114903
корд,114903
корд,114903
корд,114903
корд,114903
корд,114903
корд,114903
корд,114903
корд,114903
корд,114903
корд,114903
корд,114903
корд,114903
корд,114903
корд,114903
корд,114903
корд,114903
корд,114903
корд,114903
корд,114903
корд,114903
корд,114903
бур,115047
бур,115047
бур,115047
набор,115047
бур,115047
бур,115047
бур,115047
бур,115047
бур,115047
бур,115047
бур,115047
бур,115047
бур,115047
бур,115047
бур,115047
бур,115047
бур,115047
бур,115047
бур,115047
бур,115047
бур,115047
бур,115047
бур,115047
бур,115047
бур,115047
бур,115047
бур,115047
бур,115047
бур,115047
бур,115047
бур,115047
бур,115047
бур,115047
бур,115047
бур,115047
бур,115047
бур,115047
бур,115047
бур,115047
бур,115047
бур,115047
бур,115047
бур,115047
бур,115047
бур,115047
бур,115047
бур,115047
бур,115047
бур,115047
бур,115047
бур,115047
бур,115047
бур,115047
бур,115047
бур,115047
бур,115047
бур,115047
бур,115047
бур,115047
бур,115047
бур,115047
бур,115047
бур,115047
бур,115047
бур,115047
бур,115047
бур,115047
бур,115047
бур,115047
бур,115047
сверло,115117
сверло,115117
сверло,115117
сверло,115117
сверло,115117
сверло,115117
сверло,115117
сверло,115117
сверло,115117
сверло,115117
сверло,115117
сверло,115117
сверло,115117
сверло,115117
сверло,115117
сверло,115117
сверло,115117
сверло,115117
сверло,115117
сверло,115117
сверло,115117
сверло,115117
сверло,115117
сверло,115117
сверло,115117
сверло,115117
сверло,115117
сверло,115117
сверло,115117
сверло,115117
сверло,115117
сверло,115117
сверло,115117
сверло,115117
сверло,115117
сверло,115117
сверло,115117
сверло,115117
сверло,115117
сверло,115117
сверло,115117
сверло,115117
сверло,115117
сверло,115117
сверло,115117
сверло,115117
сверло,115117
сверло,115117
сверло,115117
сверло,115117
сверло,115117
сверло,115117
сверло,115117
сверло,115117
сверло,115117
сверло,115117
сверло,115117
сверло,115117
сверло,115117
сверло,115117
сверло,115117
сверло,115117
сверло,115117
сверло,115117
сверло,115117
сверло,115117
сверло,115117
сверло,115117
сверло,115117
сверло,115117
шина автомобильная,1
шина автомобильная,1
шина автомобильная,1
шина автомобильная,1
шина автомобильная,1
шина автомобильная,1
шина автомобильная,1
шина автомобильная,1
шина автомобильная,1
шина автомобильная,1
шина автомобильная,1
шина автомобильная,1
шина автомобильная,1
шина автомобильная,1
шина автомобильная,1
шина автомобильная,1
шина автомобильная,1
шина автомобильная,1
шина автомобильная,1
шина автомобильная,1
шина автомобильная,1
шина автомобильная,1
шина автомобильная,1
шина автомобильная,1
шина автомобильная,1
шина автомобильная,1
шина автомобильная,1
шина автомобильная,1
шина автомобильная,1
шина автомобильная,1
шина автомобильная,1
шина автомобильная,1
шина автомобильная,1
шина автомобильная,1
шина автомобильная,1
шина автомобильная,1
шина автомобильная,1
шина автомобильная,1
шина автомобильная,1
шина автомобильная,1
шина автомобильная,1
шина автомобильная,1
шина автомобильная,1
шина автомобильная,1
шина автомобильная,1
шина автомобильная,1
шина автомобильная,1
шина автомобильная,1
шина автомобильная,1
шина автомобильная,1
шина автомобильная,1
шина автомобильная,1
шина автомобильная,1
шина автомобильная,1
шина автомобильная,1
шина автомобильная,1
шина автомобильная,1
шина автомобильная,1
шина автомобильная,1
шина автомобильная,1
шина автомобильная,1
шина автомобильная,1
шина автомобильная,1
шина автомобильная,1
шина автомобильная,1
шина автомобильная,1
шина автомобильная,1
шина автомобильная,1
шина автомобильная,1
шина автомобильная,1
диск колесный,2
диск колесный,2
диск колесный,2
диск колесный,2
диск колесный,2
диск колесный,2
диск колесный,2
диск колесный,2
диск колесный,2
диск колесный,2
диск колесный,2
диск колесный,2
диск колесный,2
диск колесный,2
диск колесный,2
диск колесный,2
диск колесный,2
диск колесный,2
диск колесный,2
диск колесный,2
диск колесный,2
диск колесный,2
диск колесный,2
диск колесный,2
диск колесный,2
диск колесный,2
диск колесный,2
диск колесный,2
диск колесный,2
диск колесный,2
диск колесный,2
диск колесный,2
диск колесный,2
диск колесный,2
диск колесный,2
диск колесный,2
диск колесный,2
диск колесный,2
диск колесный,2
диск колесный,2
диск колесный,2
диск колесный,2
диск колесный,2
диск колесный,2
диск колесный,2
диск колесный,2
диск колесный,2
диск колесный,2
диск колесный,2
диск колесный,2
диск колесный,2
диск колесный,2
диск колесный,2
диск колесный,2
диск колесный,2
диск колесный,2
диск колесный,2
диск колесный,2
диск колесный,2
диск колесный,2
диск колесный,2
диск колесный,2
диск колесный,2
диск колесный,2
диск колесный,2
диск колесный,2
диск колесный,2
диск колесный,2
диск колесный,2
диск колесный,2
дальномер лазерный,1630
дальномер лазерный,1630
дальномер лазерный,1630
дальномер лазерный,1630
дальномер лазерный,1630
дальномер лазерный,1630
дальномер лазерный,1630
дальномер лазерный,1630
дальномер ультразвуковой,1630
дальномер,1630
дальномер лазерный,1630
дальномер лазерный,1630
дальномер лазерный,1630
дальномер лазерный,1630
дальномер лазерный,1630
дальномер лазерный,1630
дальномер лазерный,1630
дальномер лазерный,1630
дальномер лазерный,1630
дальномер лазерный,1630
дальномер лазерный,1630
дальномер лазерный,1630
дальномер лазерный,1630
дальномер лазерный,1630
дальномер лазерный,1630
дальномер лазерный,1630
дальномер лазерный,1630
дальномер лазерный,1630
уровень,1630
уровень,1630
уровень карманный,1630
уровень карманный,1630
дальномер лазерный,1630
дальномер лазерный,1630
дальномер лазерный,1630
дальномер лазерный,1630
дальномер,1630
дальномер лазерный,1630
дальномер лазерный,1630
дальномер лазерный,1630
дальномер лазерный,1630
дальномер лазерный,1630
дальномер лазерный,1630
дальномер лазерный,1630
дальномер лазерный,1630
комплект,1630
дальномер лазерный,1630
дальномер,1630
дальномер лазерный,1630
дальномер,1630
дальномер,1630
дальномер лазерный,1630
дальномер лазерный,1630
дальномер лазерный,1630
дальномер лазерный,1630
дальномер лазерный,1630
дальномер лазерный,1630
дальномер лазерный,1630
дальномер лазерный,1630
дальномер лазерный,1630
дальномер лазерный,1630
дальномер лазерный,1630
дальномер,1630
дальномер,1630
дальномер лазерный,1630
дальномер лазерный,1630
дальномер лазерный,1630
дальномер лазерный,1630
дальномер лазерный,1630
дальномер лазерный,1630